{"n":74048,"scale":0.42332449555397034,"centre":[-0.001263902522623539,-0.0027607292868196964,0.0027779284864664078],"fathers":["pf71344","pf71356","pf71360","pf71373","pf71378","pf71395","pf71411","pf71419","pf71436","pf71904","pf71915","pf71937","pf72048","pf72101","pf72109","pf72115","pf72140","pf72172","pf72175","pf72405","pf72506","pf72509","pf72510","pf72513","pf72514","pf72561","pf72701","pf72730","pf72757","pf72764","te80791","te80832","te80906","te80930","tj26850","tl38410","tl38436","tl38496","tl38562","tl38623","tl38650","tl38664","tl38696","tp27044","tp27167","tp27216","tr42590","tr42598","tr43207","tr43216","tr43321","tr43324","tr43332","tr43333","tr43342","tr43355","tr44766","ts45460","ts47913","ts47968","tv26548","tv44361","tv44566","tw41613","tw41622","tw41625","tw41650","tw41667","tw41699","tw41727","tw41728","tw41802","tw41831","tw41833","tw41842","tw41850","tw41874","tw41879","tw41881","tw41893","tw41897","tw77001","tw77004","tw77032","tw77064","ty68001","ty68003","ty68004","ty68090","ty68169","ty68185","ty68197","ty68248","ty68250","ty68256","ty68257","ty68262","ty68266","ty68269","ty68288","ty68290","ty68296","ty68302","ty68314","ty68329","ty68356","ty68363","ty68365","ty68368","ty68410","ty68423","ty68503","ty68543","ty68576","ty68701","ty68720","ty68740","ty68763","ty68775","ty68797","ty68817","ty68834","ty68852","ty69088","ty69095","ty69096","ty69097","ty69126","ty69215","ty69216","ty69217","ty69322","ty69429","ty69450","ty69456","ty69457","ty69474","ty69479","ty69483","ty69494","ty69500","ty69502","ty69589","ty70009","ty70012","ty70013","ty70022","ty70023","ty70056","ty70082","ty70093","ty70118","ty70159","ty70199","ty70233","ty70249","ty70291","ty70294","ty70575","ty70701","ty70704","ty70791","ty70988","vb55885","vj57893","vs83940","vs83969","vs84049","vs84090","vs84180","vs84187","vs84233","vs84234","vs84238","vs84262","vz29148","vz29248","vz29416","vz29510","vz29896","vz30247","vz30485","vz30533","vz30587","vz30605","vz30799","vz30902","vz30961","vz30994","vz31037","vz31181","vz31212","vz31363","vz31376","vz31379","vz31403","vz31410","vz31419","vz31466","vz31728","vz31742","vz31749","vz31814","vz31866","vz31898","vz31906","vz32539","vz32583","vz32585","vz32685","vz32719","vz32978","vz32983","vz32987","vz33112","vz33158","vz33280","vz33282","vz33290","vz33297","vz33298","vz33342","vz33373","vz33544","vz33556","vz33585","vz33619","vz33661","vz33667","vz33684","vz33688","vz33691","vz33694","vz33700","vz33790","vz33851","vz33854","vz33859","vz33887","vz33890","vz33891","vz33899"],"years":[2020,2021,2022],"layout":[{"name":"coords","type":"int16","components":3},{"name":"father","type":"uint16","components":1},{"name":"year","type":"uint8","components":1}]}